category,Share_%
Paracétamol,47.5867971168511
Anxiolytiques,14.985916483729955
Ventoline,8.717100154069906
Diclofénac,8.680623582844262
Ibuprofène,6.719990535804338
Aspirine,6.668182582668858
Antihistaminiques,5.6305369206797
Somnifères,1.0108526233518789
