category,Total_qty
Paracétamol,45161.480166678
Anxiolytiques,14222.141666681
Ventoline,8272.822916665
