year,CA,Volume,Growth_%,Avg_Basket_proxy
2018,16433.015,16433.015,,1.0
2019,16547.355333334,16547.355333334,0.69579643987423,1.0
