year,forecast_sum
2019,0.0
2020,16490.185166667
2021,16490.185166667
2022,16490.185166667
2023,16490.185166667
